{
  "total_return": -0.04350160286215066,
  "annualized_return": -0.04017732422371201,
  "annualized_vol": 0.08330843710710341,
  "sharpe": -0.4822719717098886,
  "sortino": -0.46597617021798854,
  "max_drawdown": 0.07856828556439277,
  "calmar": -0.5113682185515375,
  "hit_rate": 0.20821917808219179,
  "avg_win": 0.004606692356091276,
  "avg_loss": -0.004205516558805109,
  "win_loss_ratio": 1.0953927518003046,
  "n_periods": 365.0,
  "n_wins": 76.0,
  "n_losses": 93.0
}